geoname_id,locale_code,continent_code,continent_name,country_iso_code,country_name,is_in_european_union
49518,fr,AF,Afrique,RW,Rwanda,0
51537,fr,AF,Afrique,SO,Somalie,0
69543,fr,AS,Asie,YE,Yémen,0
99237,fr,AS,Asie,IQ,Irak,0
102358,fr,AS,Asie,SA,"Arabie saoudite",0
130758,fr,AS,Asie,IR,Iran,0
146669,fr,EU,Europe,CY,Chypre,1
149590,fr,AF,Afrique,TZ,Tanzanie,0
163843,fr,AS,Asie,SY,Syrie,0
174982,fr,AS,Asie,AM,Arménie,0
192950,fr,AF,Afrique,KE,Kenya,0
203312,fr,AF,Afrique,CD,Congo,0
223816,fr,AF,Afrique,DJ,Djibouti,0
226074,fr,AF,Afrique,UG,Ouganda,0
239880,fr,AF,Afrique,CF,Centrafrique,0
241170,fr,AF,Afrique,SC,Seychelles,0
248816,fr,AS,Asie,JO,Jordanie,0
272103,fr,AS,Asie,LB,Liban,0
285570,fr,AS,Asie,KW,Koweït,0
286963,fr,AS,Asie,OM,Oman,0
289688,fr,AS,Asie,QA,Qatar,0
290291,fr,AS,Asie,BH,Bahreïn,0
290557,fr,AS,Asie,AE,"Émirats Arabes Unis",0
294640,fr,AS,Asie,IL,Israël,0
298795,fr,AS,Asie,TR,Turquie,0
337996,fr,AF,Afrique,ET,Éthiopie,0
338010,fr,AF,Afrique,ER,Érythrée,0
357994,fr,AF,Afrique,EG,Égypte,0
366755,fr,AF,Afrique,SD,Soudan,0
390903,fr,EU,Europe,GR,Grèce,1
433561,fr,AF,Afrique,BI,Burundi,0
453733,fr,EU,Europe,EE,Estonie,1
458258,fr,EU,Europe,LV,Lettonie,1
587116,fr,AS,Asie,AZ,Azerbaïdjan,0
597427,fr,EU,Europe,LT,Lituanie,1
607072,fr,EU,Europe,SJ,"Svalbard et Jan Mayen",0
614540,fr,AS,Asie,GE,Géorgie,0
617790,fr,EU,Europe,MD,Moldavie,0
630336,fr,EU,Europe,BY,Biélorussie,0
660013,fr,EU,Europe,FI,Finlande,1
661882,fr,EU,Europe,AX,"Îles Åland",1
690791,fr,EU,Europe,UA,Ukraine,0
718075,fr,EU,Europe,MK,"Macédoine du Nord",0
719819,fr,EU,Europe,HU,Hongrie,1
732800,fr,EU,Europe,BG,Bulgarie,1
783754,fr,EU,Europe,AL,Albanie,0
798544,fr,EU,Europe,PL,Pologne,1
798549,fr,EU,Europe,RO,Roumanie,1
831053,fr,EU,Europe,XK,Kosovo,0
878675,fr,AF,Afrique,ZW,Zimbabwe,0
895949,fr,AF,Afrique,ZM,Zambie,0
921929,fr,AF,Afrique,KM,Comores,0
927384,fr,AF,Afrique,MW,Malawi,0
932692,fr,AF,Afrique,LS,Lesotho,0
933860,fr,AF,Afrique,BW,Botswana,0
934292,fr,AF,Afrique,MU,Maurice,0
934841,fr,AF,Afrique,SZ,Swaziland,0
935317,fr,AF,Afrique,RE,Réunion,1
953987,fr,AF,Afrique,ZA,"Afrique du Sud",0
1024031,fr,AF,Afrique,YT,Mayotte,1
1036973,fr,AF,Afrique,MZ,Mozambique,0
1062947,fr,AF,Afrique,MG,Madagascar,0
1149361,fr,AS,Asie,AF,Afghanistan,0
1168579,fr,AS,Asie,PK,Pakistan,0
1210997,fr,AS,Asie,BD,Bangladesh,0
1218197,fr,AS,Asie,TM,Turkménistan,0
1220409,fr,AS,Asie,TJ,Tadjikistan,0
1227603,fr,AS,Asie,LK,"Sri Lanka",0
1252634,fr,AS,Asie,BT,Bhoutan,0
1269750,fr,AS,Asie,IN,Inde,0
1282028,fr,AS,Asie,MV,Maldives,0
1282588,fr,AS,Asie,IO,"Territoire britannique de l'océan Indien",0
1282988,fr,AS,Asie,NP,Népal,0
1327865,fr,AS,Asie,MM,Myanmar,0
1512440,fr,AS,Asie,UZ,Ouzbékistan,0
1522867,fr,AS,Asie,KZ,Kazakhstan,0
1527747,fr,AS,Asie,KG,Kirghizstan,0
1546748,fr,AN,Antarctique,TF,"Terres australes françaises",0
1547314,fr,AN,Antarctique,HM,"Île Heard et îles McDonald",0
1547376,fr,AS,Asie,CC,"Îles Cocos",0
1559582,fr,OC,Océanie,PW,Palaos,0
1562822,fr,AS,Asie,VN,"Viêt Nam",0
1605651,fr,AS,Asie,TH,Thaïlande,0
1643084,fr,AS,Asie,ID,Indonésie,0
1655842,fr,AS,Asie,LA,Laos,0
1668284,fr,AS,Asie,TW,Taïwan,0
1694008,fr,AS,Asie,PH,Philippines,0
1733045,fr,AS,Asie,MY,Malaisie,0
1814991,fr,AS,Asie,CN,Chine,0
1819730,fr,AS,Asie,HK,"Hong Kong",0
1820814,fr,AS,Asie,BN,Brunei,0
1821275,fr,AS,Asie,MO,Macao,0
1831722,fr,AS,Asie,KH,Cambodge,0
1835841,fr,AS,Asie,KR,"Corée du Sud",0
1861060,fr,AS,Asie,JP,Japon,0
1873107,fr,AS,Asie,KP,"Corée du Nord",0
1880251,fr,AS,Asie,SG,Singapour,0
1899402,fr,OC,Océanie,CK,"Îles Cook",0
1966436,fr,OC,Océanie,TL,"Timor Oriental",0
2017370,fr,EU,Europe,RU,Russie,0
2029969,fr,AS,Asie,MN,Mongolie,0
2077456,fr,OC,Océanie,AU,Australie,0
2078138,fr,OC,Océanie,CX,"Île Christmas",0
2080185,fr,OC,Océanie,MH,"Îles Marshall",0
2081918,fr,OC,Océanie,FM,Micronésie,0
2088628,fr,OC,Océanie,PG,Papouasie-Nouvelle-Guinée,0
2103350,fr,OC,Océanie,SB,"Îles Salomon",0
2110297,fr,OC,Océanie,TV,Tuvalu,0
2110425,fr,OC,Océanie,NR,Nauru,0
2134431,fr,OC,Océanie,VU,Vanuatu,0
2139685,fr,OC,Océanie,NC,Nouvelle-Calédonie,0
2155115,fr,OC,Océanie,NF,"Île Norfolk",0
2186224,fr,OC,Océanie,NZ,Nouvelle-Zélande,0
2205218,fr,OC,Océanie,FJ,Fidji,0
2215636,fr,AF,Afrique,LY,Libye,0
2233387,fr,AF,Afrique,CM,Cameroun,0
2245662,fr,AF,Afrique,SN,Sénégal,0
2260494,fr,AF,Afrique,CG,"République du Congo",0
2264397,fr,EU,Europe,PT,Portugal,1
2275384,fr,AF,Afrique,LR,Liberia,0
2287781,fr,AF,Afrique,CI,"Côte d'Ivoire",0
2300660,fr,AF,Afrique,GH,Ghana,0
2309096,fr,AF,Afrique,GQ,"Guinée équatoriale",0
2328926,fr,AF,Afrique,NG,Nigeria,0
2361809,fr,AF,Afrique,BF,"Burkina Faso",0
2363686,fr,AF,Afrique,TG,Togo,0
2372248,fr,AF,Afrique,GW,Guinée-Bissau,0
2378080,fr,AF,Afrique,MR,Mauritanie,0
2395170,fr,AF,Afrique,BJ,Bénin,0
2400553,fr,AF,Afrique,GA,Gabon,0
2403846,fr,AF,Afrique,SL,"Sierra Leone",0
2410758,fr,AF,Afrique,ST,"Sao Tomé-et-Principe",0
2411586,fr,EU,Europe,GI,Gibraltar,0
2413451,fr,AF,Afrique,GM,Gambie,0
2420477,fr,AF,Afrique,GN,Guinée,0
2434508,fr,AF,Afrique,TD,Tchad,0
2440476,fr,AF,Afrique,NE,Niger,0
2453866,fr,AF,Afrique,ML,Mali,0
2461445,fr,AF,Afrique,EH,"Sahara Occidental",0
2464461,fr,AF,Afrique,TN,Tunisie,0
2510769,fr,EU,Europe,ES,Espagne,1
2542007,fr,AF,Afrique,MA,Maroc,0
2562770,fr,EU,Europe,MT,Malte,1
2589581,fr,AF,Afrique,DZ,Algérie,0
2622320,fr,EU,Europe,FO,"Îles Féroé",0
2623032,fr,EU,Europe,DK,Danemark,1
2629691,fr,EU,Europe,IS,Islande,0
2635167,fr,EU,Europe,GB,"Royaume Uni",0
2658434,fr,EU,Europe,CH,Suisse,0
2661886,fr,EU,Europe,SE,Suède,1
2750405,fr,EU,Europe,NL,Pays-Bas,1
2782113,fr,EU,Europe,AT,Autriche,1
2802361,fr,EU,Europe,BE,Belgique,1
2921044,fr,EU,Europe,DE,Allemagne,1
2960313,fr,EU,Europe,LU,Luxembourg,1
2963597,fr,EU,Europe,IE,Irlande,1
2993457,fr,EU,Europe,MC,Monaco,0
3017382,fr,EU,Europe,FR,France,1
3041565,fr,EU,Europe,AD,Andorre,0
3042058,fr,EU,Europe,LI,Liechtenstein,0
3042142,fr,EU,Europe,JE,Jersey,0
3042225,fr,EU,Europe,IM,"Île de Man",0
3042362,fr,EU,Europe,GG,Guernesey,0
3057568,fr,EU,Europe,SK,Slovaquie,1
3077311,fr,EU,Europe,CZ,Tchéquie,1
3144096,fr,EU,Europe,NO,Norvège,0
3164670,fr,EU,Europe,VA,Vatican,0
3168068,fr,EU,Europe,SM,Saint-Marin,0
3175395,fr,EU,Europe,IT,Italie,1
3190538,fr,EU,Europe,SI,Slovénie,1
3194884,fr,EU,Europe,ME,Monténégro,0
3202326,fr,EU,Europe,HR,Croatie,1
3277605,fr,EU,Europe,BA,Bosnie-Herzégovine,0
3351879,fr,AF,Afrique,AO,Angola,0
3355338,fr,AF,Afrique,NA,Namibie,0
3370751,fr,AF,Afrique,SH,Sainte-Hélène,0
3371123,fr,AN,Antarctique,BV,"Île Bouvet",0
3374084,fr,NA,"Amérique du Nord",BB,Barbade,0
3374766,fr,AF,Afrique,CV,Cap-Vert,0
3378535,fr,SA,"Amérique du Sud",GY,Guyana,0
3381670,fr,SA,"Amérique du Sud",GF,Guyane,1
3382998,fr,SA,"Amérique du Sud",SR,Suriname,0
3424932,fr,NA,"Amérique du Nord",PM,"Saint-Pierre et Miquelon",0
3425505,fr,NA,"Amérique du Nord",GL,Groenland,0
3437598,fr,SA,"Amérique du Sud",PY,Paraguay,0
3439705,fr,SA,"Amérique du Sud",UY,Uruguay,0
3469034,fr,SA,"Amérique du Sud",BR,Brésil,0
3474414,fr,SA,"Amérique du Sud",FK,"Îles Malouines",0
3474415,fr,AN,Antarctique,GS,"Géorgie du Sud-et-les îles Sandwich du Sud",0
3489940,fr,NA,"Amérique du Nord",JM,Jamaïque,0
3508796,fr,NA,"Amérique du Nord",DO,"République dominicaine",0
3562981,fr,NA,"Amérique du Nord",CU,Cuba,0
3570311,fr,NA,"Amérique du Nord",MQ,Martinique,1
3572887,fr,NA,"Amérique du Nord",BS,Bahamas,0
3573345,fr,NA,"Amérique du Nord",BM,Bermudes,0
3573511,fr,NA,"Amérique du Nord",AI,Anguilla,0
3573591,fr,NA,"Amérique du Nord",TT,Trinité-et-Tobago,0
3575174,fr,NA,"Amérique du Nord",KN,Saint-Christophe-et-Niévès,0
3575830,fr,NA,"Amérique du Nord",DM,Dominique,0
3576396,fr,NA,"Amérique du Nord",AG,Antigua-et-Barbuda,0
3576468,fr,NA,"Amérique du Nord",LC,Sainte-Lucie,0
3576916,fr,NA,"Amérique du Nord",TC,"Îles Turques-et-Caïques",0
3577279,fr,NA,"Amérique du Nord",AW,Aruba,0
3577718,fr,NA,"Amérique du Nord",VG,"Îles Vierges",0
3577815,fr,NA,"Amérique du Nord",VC,Saint-Vincent-et-les-Grenadines,0
3578097,fr,NA,"Amérique du Nord",MS,Montserrat,0
3578421,fr,NA,"Amérique du Nord",MF,Saint-Martin,1
3578476,fr,NA,"Amérique du Nord",BL,Saint-Barthélemy,0
3579143,fr,NA,"Amérique du Nord",GP,Guadeloupe,1
3580239,fr,NA,"Amérique du Nord",GD,Grenade,0
3580718,fr,NA,"Amérique du Nord",KY,"Îles Caïmans",0
3582678,fr,NA,"Amérique du Nord",BZ,Belize,0
3585968,fr,NA,"Amérique du Nord",SV,Salvador,0
3595528,fr,NA,"Amérique du Nord",GT,Guatemala,0
3608932,fr,NA,"Amérique du Nord",HN,Honduras,0
3617476,fr,NA,"Amérique du Nord",NI,Nicaragua,0
3624060,fr,NA,"Amérique du Nord",CR,"Costa Rica",0
3625428,fr,SA,"Amérique du Sud",VE,Vénézuéla,0
3658394,fr,SA,"Amérique du Sud",EC,Équateur,0
3686110,fr,SA,"Amérique du Sud",CO,Colombie,0
3703430,fr,NA,"Amérique du Nord",PA,Panama,0
3723988,fr,NA,"Amérique du Nord",HT,Haïti,0
3865483,fr,SA,"Amérique du Sud",AR,Argentine,0
3895114,fr,SA,"Amérique du Sud",CL,Chili,0
3923057,fr,SA,"Amérique du Sud",BO,Bolivie,0
3932488,fr,SA,"Amérique du Sud",PE,Pérou,0
3996063,fr,NA,"Amérique du Nord",MX,Mexique,0
4030656,fr,OC,Océanie,PF,"Polynésie française",0
4030699,fr,OC,Océanie,PN,Pitcairn,0
4030945,fr,OC,Océanie,KI,Kiribati,0
4031074,fr,OC,Océanie,TK,Tokelau,0
4032283,fr,OC,Océanie,TO,Tonga,0
4034749,fr,OC,Océanie,WF,Wallis-et-Futuna,0
4034894,fr,OC,Océanie,WS,Samoa,0
4036232,fr,OC,Océanie,NU,Niue,0
4041468,fr,OC,Océanie,MP,"Îles Mariannes du Nord",0
4043988,fr,OC,Océanie,GU,Guam,0
4566966,fr,NA,"Amérique du Nord",PR,"Porto Rico",0
4796775,fr,NA,"Amérique du Nord",VI,"Îles Vierges des États-Unis",0
5854968,fr,OC,Océanie,UM,"Îles mineures éloignées des États-Unis",0
5880801,fr,OC,Océanie,AS,"Samoa américaines",0
6251999,fr,NA,"Amérique du Nord",CA,Canada,0
6252001,fr,NA,"Amérique du Nord",US,"États Unis",0
6254930,fr,AS,Asie,PS,Palestine,0
6255147,fr,AS,Asie,,,0
6255148,fr,EU,Europe,,,0
6290252,fr,EU,Europe,RS,Serbie,0
6697173,fr,AN,Antarctique,AQ,Antarctique,0
7609695,fr,NA,"Amérique du Nord",SX,Saint-Martin,0
7626836,fr,NA,"Amérique du Nord",CW,Curaçao,0
7626844,fr,NA,"Amérique du Nord",BQ,"Pays-Bas caribéens",0
7909807,fr,AF,Afrique,SS,"Soudan du Sud",0
